size,alg,approx Z,alg time
100,MBR,1576.0498787508334,1.6230220794677734
