size,alg,approx Z,alg time
50,MBR,596.8651098050861,0.2447197437286377
50,GBR,631.2940717302038,25.33968210220337
