size,alg,approx Z,alg time
30,MBR,160.69757295555755,0.08519601821899414
30,GBR,221.31810601689713,9.625849962234497
