size,alg,approx Z,alg time
50,MBR,538.3643790366367,0.1775507926940918
50,GBR,618.6479909857023,31.606698036193848
