size,alg,approx Z,alg time
30,MBR,203.48412770060338,0.039025068283081055
30,GBR,221.60835657981505,1.7816450595855713
