size,alg,approx Z,alg time
50,MBR,355.6887298182486,0.39189791679382324
50,GBR,163.62496151318652,136.8598017692566
